[
    {
        "id": 1388534400000,
        "author": "Pete Hunt",
        "text": "Hey there!"
    },
    {
        "id": 1420070400000,
        "author": "Paul O’Shannessy",
        "text": "React is *great*!"
    },
    {
        "id": 1464988635157,
        "author": "ben",
        "text": "*abc*"
    },
    {
        "id": 1464988636500,
        "author": "ben",
        "text": "*abc*"
    },
    {
        "id": 1464988717637,
        "author": "evil",
        "text": "<a href=\"javascript:alert(1)\">alert(1)</a>"
    }
]